{"metadata":{"asset_id":"add6fb09-b8f2-4bd2-88dc-fc1ae6c14877","asset_attributes":["notebook"],"name":"jupyter-labs-eda-sql-coursera","asset_type":"notebook","created_at":"2023-04-11T13:55:20Z","description":"","origin_country":"us","owner_id":"IBMid-667000P0T6","project_id":"05ef9169-f550-4fb1-ad7b-399394ad4efc","size":28248,"tags":["notebook"],"usage":{"last_update_time":1681226343380,"last_updated_at":"2023-04-11T15:19:03Z"}},"entity":{"notebook":{"kernel":{"name":"python3","display_name":"Python 3.10","language":"python"},"originates_from":{"type":"blank"},"runtime":{"environment":"rt222pys2-05ef9169-f550-4fb1-ad7b-399394ad4efc"}},"location_definition":{"physical_location_code":"DAL","physical_location_code_assigned_by":"IBMid-667000P0T6","physical_location_code_rds_id":"c57cb90f-2126-3800-9c9f-9eab82021cdf","physical_location_code_rds_version":"00002023-0212-4173-8820-158283000000_3","physical_location_code_assignment_method":"INFERRED","physical_location_code_added_on":"1681221274896"}},"attachments":[{"id":"0596abc2-3caf-405d-8407-798092b689a5","version":2,"asset_type":"notebook","name":"attachment for notebook add6fb09-b8f2-4bd2-88dc-fc1ae6c14877","description":"attachment for notebook add6fb09-b8f2-4bd2-88dc-fc1ae6c14877","mime":"application/json","datasource_type":"193a97c1-4475-4a19-b90c-295c4fdc6517","object_key":"notebook/jupyter-labs-eda-sql-coursera_taHayoUjn.ipynb","creator_id":"IBMid-667000P0T6","create_time":1681221321939,"size":28248,"is_remote":false,"is_managed":false,"is_referenced":true,"is_object_key_read_only":false,"is_user_provided_path_key":true,"transfer_complete":true,"is_partitioned":false,"complete_time_ticks":1681221321939,"user_data":{},"test_doc":0,"handle":{"bucket":"edawithsqllab-donotdelete-pr-xkoiy7gnznmehj","location":"us-south","type":"bluemix_cos","key":"notebook/jupyter-labs-eda-sql-coursera_taHayoUjn.ipynb","upload_id":"done","max_part_num":1},"usage":{"access_count":14,"last_accessor_id":"IBMid-667000P0T6","last_access_time":1681226343370,"last_updater_id":"IBMid-667000P0T6","last_update_time":1681226343370}}]}
